{
    "loss": 1.0597268342971802,
    "accuracy": 0.8275862336158752
}