{
    "loss": 1.858176827430725,
    "accuracy": 0.681034505367279
}